img_0.jpg,70C-159.51
img_1.jpg,70C-159.51
img_2.jpg,70C-159.51
img_3.jpg,70C-159.51
img_4.jpg,59H-333.33
img_5.jpg,59H-333.33
img_6.jpg,59H-333.33
img_7.jpg,59H-333.33
img_8.jpg,70C-159.51
img_9.jpg,70C-159.51
img_10.jpg,70C-159.51
img_11.jpg,59H-333.33
img_12.jpg,59H-333.33
img_13.jpg,59H-333.33
img_14.jpg,51F-645.85
img_15.jpg,59H-333.33
img_16.jpg,59H-333.33
img_17.jpg,70C-159.51
img_18.jpg,59H-333.33
img_19.jpg,59H-333.33
img_20.jpg,59H-333.33
img_21.jpg,59H-333.33
img_22.jpg,51F-645.85
img_23.jpg,59H-333.33
img_24.jpg,51F-645.85
img_25.jpg,70C-159.51
img_26.jpg,59H-333.33
img_27.jpg,59H-333.33
img_28.jpg,59H-333.33
img_29.jpg,59H-333.33
img_30.jpg,59H-333.33
img_31.jpg,51F-645.85
img_32.jpg,59H-333.33
img_33.jpg,63A-798.97
img_34.jpg,63A-798.97
img_35.jpg,63A-468.64
img_36.jpg,70C-159.51
img_37.jpg,93A-753.57
img_38.jpg,70C-159.51
img_39.jpg,63A-468.64
img_40.jpg,93A-753.57
img_41.jpg,70C-159.51
img_42.jpg,93A-753.57
img_43.jpg,93A-753.57
img_44.jpg,63A-468.64
img_45.jpg,63A-468.64
img_46.jpg,63A-468.64
img_47.jpg,63A-468.64
img_48.jpg,93A-753.57
img_49.jpg,70C-159.51
img_50.jpg,59H-333.33
img_51.jpg,93A-753.57
img_52.jpg,93A-753.57
img_53.jpg,93A-753.57
img_54.jpg,93A-753.57
img_55.jpg,93A-753.57
img_56.jpg,59H-333.33
img_57.jpg,93A-753.57
img_58.jpg,70C-159.51
img_59.jpg,93A-753.57
img_60.jpg,70C-159.51
img_61.jpg,70C-159.51
img_62.jpg,70C-159.51
img_63.jpg,93A-753.57
img_64.jpg,70C-159.51
img_65.jpg,70C-159.51
img_66.jpg,70C-159.51
img_67.jpg,70C-159.51
img_68.jpg,70C-159.51
img_69.jpg,70C-159.51
img_70.jpg,70C-159.51
img_71.jpg,70C-159.51
img_72.jpg,70C-159.51
img_73.jpg,50X-123.45
img_74.jpg,50X-123.45
img_75.jpg,50X-123.45
img_76.jpg,50X-123.45
img_77.jpg,51F-645.85
img_78.jpg,51F-645.85
img_79.jpg,51F-645.85
img_80.jpg,50X-123.45
img_81.jpg,70C-159.51
img_82.jpg,51F-645.85
img_83.jpg,51F-645.85
img_84.jpg,51F-645.85
img_85.jpg,51F-645.85
img_86.jpg,51F-645.85
img_87.jpg,51F-645.85
img_88.jpg,59H-333.33
img_89.jpg,51F-645.85
img_90.jpg,51F-645.85
img_91.jpg,50X-123.45
img_92.jpg,70C-159.51
img_93.jpg,51F-645.85
img_94.jpg,51F-645.85
img_95.jpg,51F-645.85
img_96.jpg,51F-645.85
img_97.jpg,51F-645.85
img_98.jpg,51F-645.85
img_99.jpg,51F-645.85
img_100.jpg,51F-645.85
img_101.jpg,62C-357.53
img_102.jpg,51F-645.85
img_103.jpg,70C-159.51
img_104.jpg,51F-645.85
img_105.jpg,51F-645.85
img_106.jpg,62C-357.53
img_107.jpg,62C-357.53
img_108.jpg,51F-645.85
img_109.jpg,51F-645.85
img_110.jpg,51F-645.85
img_111.jpg,51F-645.85
img_112.jpg,51F-645.85
img_113.jpg,51F-645.85
img_114.jpg,70C-159.51
img_115.jpg,62C-357.53
img_116.jpg,62C-357.53
img_117.jpg,62C-357.53
img_118.jpg,62C-357.53
img_119.jpg,62C-357.53
img_120.jpg,62C-357.53
img_121.jpg,62C-357.53
img_122.jpg,93A-753.57
img_123.jpg,62C-357.53
img_124.jpg,93A-753.57
img_125.jpg,62C-357.53
img_126.jpg,93A-753.57
img_127.jpg,62C-357.53
img_128.jpg,62C-357.53
img_129.jpg,93A-753.57
img_130.jpg,93A-753.57
img_131.jpg,93A-753.57
img_132.jpg,62C-357.53
img_133.jpg,84B-686.84
img_134.jpg,59H-333.33
img_135.jpg,84B-686.84
img_136.jpg,70C-159.51
img_137.jpg,70C-159.51
img_138.jpg,82C-357.53
img_139.jpg,82C-357.53
img_140.jpg,93A-753.57
img_141.jpg,93A-753.57
img_142.jpg,82C-357.53
img_143.jpg,82C-357.53
img_144.jpg,93A-753.57
img_145.jpg,70C-159.51
img_146.jpg,93A-753.57
img_147.jpg,82C-357.53
img_148.jpg,93A-753.57
img_149.jpg,82C-357.53
img_150.jpg,59H-333.33
img_151.jpg,82C-357.53
img_152.jpg,93A-753.57
img_153.jpg,93A-753.57
img_154.jpg,82C-357.53
img_155.jpg,82C-357.53
img_156.jpg,93A-753.57
img_157.jpg,93A-753.57
img_158.jpg,82C-357.53
img_159.jpg,82C-357.53
img_160.jpg,93A-753.57
img_161.jpg,93A-753.57
img_162.jpg,93A-753.57
img_163.jpg,93A-753.57
img_164.jpg,93A-753.57
img_165.jpg,93A-753.57
img_166.jpg,82C-357.53
img_167.jpg,93A-753.57
img_168.jpg,84B-686.84
img_169.jpg,59H-333.33
img_170.jpg,50X-123.45
img_171.jpg,93A-753.57
img_172.jpg,93A-753.57
img_173.jpg,93A-753.57
img_174.jpg,50X-123.45
img_175.jpg,93A-753.57
img_176.jpg,93A-753.57
img_177.jpg,93A-753.57
img_178.jpg,84B-686.84
img_179.jpg,50X-123.45
img_180.jpg,59H-333.33
img_181.jpg,50X-123.45
img_182.jpg,50X-123.45
img_183.jpg,50X-123.45
img_184.jpg,50X-123.45
img_185.jpg,50X-123.45
img_186.jpg,50X-123.45
img_187.jpg,50X-123.45
img_188.jpg,84B-686.84
img_189.jpg,59H-333.33
img_190.jpg,50X-123.45
img_191.jpg,50X-123.45
img_192.jpg,50X-123.45
img_193.jpg,43A-123.68
img_194.jpg,43A-123.68
img_195.jpg,43A-123.68
img_196.jpg,43A-123.68
img_197.jpg,50X-123.45
img_198.jpg,43A-123.68
img_199.jpg,43A-123.68
img_200.jpg,43A-123.68
img_201.jpg,43A-123.68
img_202.jpg,50X-123.45
img_203.jpg,70C-159.51
img_204.jpg,50X-123.45
img_205.jpg,43A-123.68
img_206.jpg,50X-123.45
img_207.jpg,50X-123.45
img_208.jpg,43A-123.68
img_209.jpg,43A-123.68
img_210.jpg,50X-123.45
img_211.jpg,50X-123.45
img_212.jpg,50X-123.45
img_213.jpg,43A-123.68
img_214.jpg,70C-159.51
img_215.jpg,43A-123.68
img_216.jpg,43A-123.68
img_217.jpg,50X-123.45
img_218.jpg,50X-123.45
img_219.jpg,52P-369.63
img_220.jpg,52P-369.63
img_221.jpg,50X-123.45
img_222.jpg,50X-123.45
img_223.jpg,52P-369.63
img_224.jpg,70C-159.51
img_225.jpg,50X-123.45
img_226.jpg,50X-123.45
img_227.jpg,50X-123.45
img_228.jpg,50X-123.45
img_229.jpg,52P-369.63
img_230.jpg,52P-369.63
img_231.jpg,62C-357.53
img_232.jpg,62C-357.53
img_233.jpg,70C-159.51
img_234.jpg,52P-369.63
img_235.jpg,52P-369.63
img_236.jpg,62C-357.53
img_237.jpg,62C-357.53
img_238.jpg,62C-357.53
img_239.jpg,62C-357.53
img_240.jpg,52P-369.63
img_241.jpg,52P-369.63
img_242.jpg,62C-357.53
img_243.jpg,62C-357.53
img_244.jpg,59H-333.33
img_245.jpg,52P-369.63
img_246.jpg,92C-888.92
img_247.jpg,92C-888.92
img_248.jpg,92C-888.92
img_249.jpg,70C-159.51
img_250.jpg,84B-686.84
img_251.jpg,62C-357.53
img_252.jpg,92C-888.92
img_253.jpg,62C-357.53
img_254.jpg,59H-333.33
img_255.jpg,92C-888.92
img_256.jpg,62C-357.53
img_257.jpg,92C-888.92
img_258.jpg,92C-888.92
img_259.jpg,62C-357.53
img_260.jpg,62C-357.53
img_261.jpg,84B-686.84
img_262.jpg,92C-888.92
img_263.jpg,70C-159.51
img_264.jpg,92C-888.92
img_265.jpg,92C-888.92
img_266.jpg,92C-888.92
img_267.jpg,92C-888.92
img_268.jpg,92C-888.92
img_269.jpg,92C-888.92
img_270.jpg,92C-888.92
img_271.jpg,84B-686.84
img_272.jpg,92C-888.92
img_273.jpg,59H-333.33
img_274.jpg,82C-357.53
img_275.jpg,82C-357.53
img_276.jpg,50X-123.45
img_277.jpg,50X-123.45
img_278.jpg,82C-357.53
img_279.jpg,82C-357.53
img_280.jpg,50X-123.45
img_281.jpg,50X-123.45
img_282.jpg,82C-357.53
img_283.jpg,59H-333.33
img_284.jpg,84B-686.84
img_285.jpg,50X-123.45
img_286.jpg,82C-357.53
img_287.jpg,50X-123.45
img_288.jpg,82C-357.53
img_289.jpg,82C-357.53
img_290.jpg,50X-123.45
img_291.jpg,50X-123.45
img_292.jpg,82C-357.53
img_293.jpg,84B-686.84
img_294.jpg,50X-123.45
img_295.jpg,50X-123.45
img_296.jpg,82C-357.53
img_297.jpg,82C-357.53
img_298.jpg,82C-357.53
img_299.jpg,82C-357.53
img_300.jpg,82C-357.53
img_301.jpg,43A-123.68
img_302.jpg,82C-357.53
img_303.jpg,43A-123.68
img_304.jpg,84B-686.84
img_305.jpg,43A-123.68
img_306.jpg,43A-123.68
img_307.jpg,43A-123.68
img_308.jpg,50X-123.45
img_309.jpg,50X-123.45
img_310.jpg,50X-123.45
img_311.jpg,43A-123.68
img_312.jpg,50X-123.45
img_313.jpg,50X-123.45
img_314.jpg,50X-123.45
img_315.jpg,84B-686.84
img_316.jpg,43A-123.68
img_317.jpg,43A-123.68
img_318.jpg,43A-123.68
img_319.jpg,43A-123.68
img_320.jpg,43A-123.68
img_321.jpg,63A-798.97
img_322.jpg,43A-123.68
img_323.jpg,43A-123.68
img_324.jpg,43A-123.68
img_325.jpg,84B-686.84
img_326.jpg,43A-123.68
img_327.jpg,43A-123.68
img_328.jpg,43A-123.68
img_329.jpg,43A-123.68
img_330.jpg,43A-123.68
img_331.jpg,63A-798.97
img_332.jpg,43A-123.68
img_333.jpg,52P-369.63
img_334.jpg,52P-369.63
img_335.jpg,84B-686.84
img_336.jpg,52P-369.63
img_337.jpg,52P-369.63
img_338.jpg,52P-369.63
img_339.jpg,52P-369.63
img_340.jpg,43A-123.68
img_341.jpg,43A-123.68
img_342.jpg,52P-369.63
img_343.jpg,84B-686.84
img_344.jpg,43A-123.68
img_345.jpg,52P-369.63
img_346.jpg,52P-369.63
img_347.jpg,43A-123.68
img_348.jpg,52P-369.63
img_349.jpg,43A-123.68
img_350.jpg,43A-123.68
img_351.jpg,52P-369.63
img_352.jpg,63A-468.64
img_353.jpg,52P-369.63
img_354.jpg,84B-686.84
img_355.jpg,52P-369.63
img_356.jpg,52P-369.63
img_357.jpg,52P-369.63
img_358.jpg,52P-369.63
img_359.jpg,52P-369.63
img_360.jpg,52P-369.63
img_361.jpg,52P-369.63
img_362.jpg,52P-369.63
img_363.jpg,52P-369.63
img_364.jpg,52P-369.63
img_365.jpg,84B-686.84
img_366.jpg,52P-369.63
img_367.jpg,52P-369.63
img_368.jpg,84B-686.84
img_369.jpg,50X-123.45
img_370.jpg,52P-369.63
img_371.jpg,52P-369.63
img_372.jpg,84B-686.84
img_373.jpg,52P-369.63
img_374.jpg,52P-369.63
img_375.jpg,52P-369.63
img_376.jpg,84B-686.84
img_377.jpg,63A-468.64
img_378.jpg,92C-888.92
img_379.jpg,92C-888.92
img_380.jpg,63A-468.64
img_381.jpg,92C-888.92
img_382.jpg,92C-888.92
img_383.jpg,61B-246.80
img_384.jpg,61B-246.80
img_385.jpg,61B-246.80
img_386.jpg,61B-246.80
img_387.jpg,61B-246.80
img_388.jpg,61B-246.80
img_389.jpg,61B-246.80
img_390.jpg,61B-246.80
img_391.jpg,59H-333.33
img_392.jpg,61B-246.80
img_393.jpg,61B-246.80
img_394.jpg,61B-246.80
img_395.jpg,92C-888.92
img_396.jpg,92C-888.92
img_397.jpg,61B-246.80
img_398.jpg,61B-246.80
img_399.jpg,50X-123.45
img_400.jpg,50X-123.45
img_401.jpg,63A-468.64
img_402.jpg,61B-246.80
img_403.jpg,61B-246.80
img_404.jpg,84B-686.84
img_405.jpg,50X-123.45
img_406.jpg,61B-246.80
img_407.jpg,61B-246.80
img_408.jpg,50X-123.45
img_409.jpg,61B-246.80
img_410.jpg,61B-246.80
img_411.jpg,50X-123.45
img_412.jpg,50X-123.45
img_413.jpg,61B-246.80
img_414.jpg,61B-246.80
img_415.jpg,84B-686.84
img_416.jpg,50X-123.45
img_417.jpg,61B-246.80
img_418.jpg,50X-123.45
img_419.jpg,50X-123.45
img_420.jpg,43A-123.68
img_421.jpg,60A-135.79
img_422.jpg,60A-135.79
img_423.jpg,60A-135.79
img_424.jpg,60A-135.79
img_425.jpg,60A-135.79
img_426.jpg,43A-123.68
img_427.jpg,43A-123.68
img_428.jpg,43A-123.68
img_429.jpg,63A-798.97
img_430.jpg,43A-123.68
img_431.jpg,43A-123.68
img_432.jpg,60A-135.79
img_433.jpg,60A-135.79
img_434.jpg,60A-135.79
img_435.jpg,60A-135.79
img_436.jpg,60A-135.79
img_437.jpg,60A-135.79
img_438.jpg,60A-135.79
img_439.jpg,60A-135.79
img_440.jpg,60A-135.79
img_441.jpg,60A-135.79
img_442.jpg,60A-135.79
img_443.jpg,60A-135.79
img_444.jpg,60A-135.79
img_445.jpg,84B-686.84
img_446.jpg,60A-135.79
img_447.jpg,60A-135.79
img_448.jpg,60A-135.79
img_449.jpg,63A-468.64
img_450.jpg,60A-135.79
img_451.jpg,60A-135.79
img_452.jpg,60A-135.79
img_453.jpg,60A-135.79
img_454.jpg,53G-888.53
img_455.jpg,70C-159.51
img_456.jpg,84B-686.84
img_457.jpg,52P-369.63
img_458.jpg,63A-468.64
img_459.jpg,52P-369.63
img_460.jpg,52P-369.63
img_461.jpg,53G-888.53
img_462.jpg,84B-686.84
img_463.jpg,52P-369.63
img_464.jpg,52P-369.63
img_465.jpg,53G-888.53
img_466.jpg,84B-686.84
img_467.jpg,52P-369.63
img_468.jpg,53G-888.53
img_469.jpg,52P-369.63
img_470.jpg,53G-888.53
img_471.jpg,53G-888.53
img_472.jpg,70C-159.51
img_473.jpg,84B-686.84
img_474.jpg,53G-888.53
img_475.jpg,63A-468.64
img_476.jpg,84B-686.84
img_477.jpg,53G-888.53
img_478.jpg,53G-888.53
img_479.jpg,50X-123.45
img_480.jpg,62C-357.53
img_481.jpg,50X-123.45
img_482.jpg,59H-333.33
img_483.jpg,62C-357.53
img_484.jpg,62C-357.53
img_485.jpg,62C-357.53
img_486.jpg,62C-357.53
img_487.jpg,62C-357.53
img_488.jpg,62C-357.53
img_489.jpg,84B-686.84
img_490.jpg,62C-357.53
img_491.jpg,84B-686.84
img_492.jpg,62C-357.53
img_493.jpg,62C-357.53
img_494.jpg,63A-468.64
img_495.jpg,62C-357.53
img_496.jpg,62C-357.53
img_497.jpg,84B-686.84
img_498.jpg,62C-357.53
img_499.jpg,62C-357.53
img_500.jpg,62C-357.53
img_501.jpg,62C-357.53
img_502.jpg,62C-357.53
img_503.jpg,61B-246.80
img_504.jpg,61B-246.80
img_505.jpg,61B-246.80
img_506.jpg,61B-246.80
img_507.jpg,84B-686.84
img_508.jpg,61B-246.80
img_509.jpg,84B-686.84
img_510.jpg,61B-246.80
img_511.jpg,61B-246.80
img_512.jpg,61B-246.80
img_513.jpg,61B-246.80
img_514.jpg,61B-246.80
img_515.jpg,61B-246.80
img_516.jpg,84B-686.84
img_517.jpg,61B-246.80
img_518.jpg,60A-135.79
img_519.jpg,60A-135.79
img_520.jpg,60A-135.79
img_521.jpg,60A-135.79
img_522.jpg,84B-686.84
img_523.jpg,69B-789.89
img_524.jpg,60A-135.79
img_525.jpg,60A-135.79
img_526.jpg,60A-135.79
img_527.jpg,60A-135.79
img_528.jpg,69B-789.89
img_529.jpg,69B-789.89
img_530.jpg,69B-789.89
img_531.jpg,84B-686.84
img_532.jpg,69B-789.89
img_533.jpg,69B-789.89
img_534.jpg,69B-789.89
img_535.jpg,69B-789.89
img_536.jpg,69B-789.89
img_537.jpg,69B-789.89
img_538.jpg,69B-789.89
img_539.jpg,69B-789.89
img_540.jpg,70C-159.51
img_541.jpg,84B-686.84
img_542.jpg,63A-468.64
img_543.jpg,69B-789.89
img_544.jpg,69B-789.89
img_545.jpg,69B-789.89
img_546.jpg,69B-789.89
img_547.jpg,69B-789.89
img_548.jpg,69B-789.89
img_549.jpg,69B-789.89
img_550.jpg,69B-789.89
img_551.jpg,69B-789.89
img_552.jpg,53G-888.53
img_553.jpg,53G-888.53
img_554.jpg,53G-888.53
img_555.jpg,69B-789.89
img_556.jpg,69B-789.89
img_557.jpg,53G-888.53
img_558.jpg,53G-888.53
img_559.jpg,53G-888.53
img_560.jpg,59H-333.33
img_561.jpg,53G-888.53
img_562.jpg,95A-975.79
img_563.jpg,53G-888.53
img_564.jpg,53G-888.53
img_565.jpg,95A-975.79
img_566.jpg,95A-975.79
img_567.jpg,63A-468.64
img_568.jpg,53G-888.53
img_569.jpg,59H-333.33
img_570.jpg,95A-975.79
img_571.jpg,62C-357.53
img_572.jpg,62C-357.53
img_573.jpg,62C-357.53
img_574.jpg,95A-975.79
img_575.jpg,84B-686.84
img_576.jpg,62C-357.53
img_577.jpg,95A-975.79
img_578.jpg,95A-975.79
img_579.jpg,59H-333.33
img_580.jpg,95A-975.79
img_581.jpg,95A-975.79
img_582.jpg,95A-975.79
img_583.jpg,63A-468.64
img_584.jpg,95A-975.79
img_585.jpg,62C-357.53
img_586.jpg,62C-357.53
img_587.jpg,59H-333.33
img_588.jpg,95A-975.79
img_589.jpg,95A-975.79
img_590.jpg,95A-975.79
img_591.jpg,95A-975.79
img_592.jpg,63A-468.64
img_593.jpg,95A-975.79
img_594.jpg,95A-975.79
img_595.jpg,95A-975.79
img_596.jpg,62C-357.53
img_597.jpg,59H-333.33
img_598.jpg,95A-975.79
img_599.jpg,61B-246.80
img_600.jpg,61B-246.80
img_601.jpg,95A-975.79
img_602.jpg,61B-246.80
img_603.jpg,61B-246.80
img_604.jpg,95A-975.79
img_605.jpg,95A-975.79
img_606.jpg,59H-333.33
img_607.jpg,61B-246.80
img_608.jpg,95A-975.79
img_609.jpg,95A-975.79
img_610.jpg,61B-246.80
img_611.jpg,61B-246.80
img_612.jpg,95A-975.79
img_613.jpg,95A-975.79
img_614.jpg,95A-975.79
img_615.jpg,95A-975.79
img_616.jpg,70C-159.51
img_617.jpg,95A-975.79
img_618.jpg,95A-975.79
img_619.jpg,59H-333.33
img_620.jpg,69B-789.89
img_621.jpg,69B-789.89
img_622.jpg,69B-789.89
img_623.jpg,69B-789.89
img_624.jpg,59H-333.33
img_625.jpg,59H-333.33
img_626.jpg,59H-333.33
img_627.jpg,70C-159.51
img_628.jpg,59H-333.33
img_629.jpg,59H-333.33
img_630.jpg,59H-333.33
img_631.jpg,70C-159.51
img_632.jpg,59H-333.33
img_633.jpg,70C-159.51
img_634.jpg,70C-159.51
img_635.jpg,70C-159.51
img_636.jpg,70C-159.51
img_637.jpg,70C-159.51
img_638.jpg,70C-159.51
img_639.jpg,70C-159.51
img_640.jpg,69B-789.89
img_641.jpg,95A-975.79
img_642.jpg,95A-975.79
img_643.jpg,95A-975.79
img_644.jpg,95A-975.79
img_645.jpg,95A-975.79
img_646.jpg,95A-975.79
img_647.jpg,95A-975.79
img_648.jpg,95A-975.79
img_649.jpg,95A-975.79
img_650.jpg,95A-975.79
img_651.jpg,95A-975.79
img_652.jpg,95A-975.79
img_653.jpg,95A-975.79
img_654.jpg,95A-975.79
img_655.jpg,95A-975.79
img_656.jpg,95A-975.79
img_657.jpg,95A-975.79
img_658.jpg,95A-975.79
img_659.jpg,95A-975.79
img_660.jpg,95A-975.79
img_661.jpg,95A-975.79
img_662.jpg,95A-975.79
img_663.jpg,95A-975.79
img_664.jpg,95A-975.79
img_665.jpg,95A-975.79
img_666.jpg,95A-975.79
img_667.jpg,59H-333.33
img_668.jpg,70C-159.51
img_669.jpg,59H-333.33
img_670.jpg,59H-333.33
img_671.jpg,59H-333.33
img_672.jpg,59H-333.33
img_673.jpg,63A-468.64
img_674.jpg,63A-468.64
img_675.jpg,93A-753.57
img_676.jpg,63A-468.64
img_677.jpg,62C-357.53
img_678.jpg,70C-159.51
img_679.jpg,70C-159.51
img_680.jpg,70C-159.51
img_681.jpg,70C-159.51
img_682.jpg,70C-159.51
img_683.jpg,70C-159.51
img_684.jpg,70C-159.51
img_685.jpg,70C-159.51
img_686.jpg,63A-468.64
img_687.jpg,63A-468.64
img_688.jpg,70C-159.51
img_689.jpg,92C-888.92
img_690.jpg,92C-888.92
img_691.jpg,92C-888.92
img_692.jpg,92C-888.92
img_693.jpg,92C-888.92
img_694.jpg,92C-888.92
img_695.jpg,92C-888.92
img_696.jpg,92C-888.92
img_697.jpg,92C-888.92
img_698.jpg,92C-888.92
img_699.jpg,70C-159.51
img_700.jpg,92C-888.92
img_701.jpg,92C-888.92
img_702.jpg,92C-888.92
img_703.jpg,92C-888.92
img_704.jpg,92C-888.92
img_705.jpg,92C-888.92
img_706.jpg,92C-888.92
img_707.jpg,92C-888.92
img_708.jpg,92C-888.92
img_709.jpg,92C-888.92
img_710.jpg,70C-159.51
img_711.jpg,92C-888.92
img_712.jpg,92C-888.92
img_713.jpg,92C-888.92
img_714.jpg,92C-888.92
img_715.jpg,92C-888.92
img_716.jpg,92C-888.92
img_717.jpg,92C-888.92
img_718.jpg,92C-888.92
img_719.jpg,92C-888.92
img_720.jpg,92C-888.92
img_721.jpg,70C-159.51
img_722.jpg,92C-888.92
img_723.jpg,92C-888.92
img_724.jpg,92C-888.92
img_725.jpg,92C-888.92
img_726.jpg,92C-888.92
img_727.jpg,92C-888.92
img_728.jpg,92C-888.92
img_729.jpg,92C-888.92
img_730.jpg,92C-888.92
img_731.jpg,92C-888.92
img_732.jpg,70C-159.51
img_733.jpg,92C-888.92
img_734.jpg,92C-888.92
img_735.jpg,92C-888.92
img_736.jpg,92C-888.92
img_737.jpg,92C-888.92
img_738.jpg,92C-888.92
img_739.jpg,92C-888.92
img_740.jpg,92C-888.92
img_741.jpg,92C-888.92
img_742.jpg,92C-888.92
img_743.jpg,70C-159.51
img_744.jpg,92C-888.92
img_745.jpg,92C-888.92
img_746.jpg,92C-888.92
img_747.jpg,92C-888.92
img_748.jpg,92C-888.92
img_749.jpg,92C-888.92
img_750.jpg,92C-888.92
img_751.jpg,92C-888.92
img_752.jpg,92C-888.92
img_753.jpg,92C-888.92
img_754.jpg,70C-159.51
img_755.jpg,92C-888.92
img_756.jpg,92C-888.92
img_757.jpg,92C-888.92
img_758.jpg,92C-888.92
img_759.jpg,92C-888.92
img_760.jpg,92C-888.92
img_761.jpg,92C-888.92
img_762.jpg,92C-888.92
img_763.jpg,92C-888.92
img_764.jpg,92C-888.92
img_765.jpg,70C-159.51
img_766.jpg,92C-888.92
img_767.jpg,92C-888.92
img_768.jpg,92C-888.92
img_769.jpg,92C-888.92
img_770.jpg,92C-888.92
img_771.jpg,92C-888.92
img_772.jpg,92C-888.92
img_773.jpg,92C-888.92
img_774.jpg,92C-888.92
img_775.jpg,92C-888.92
img_776.jpg,70C-159.51
img_777.jpg,92C-888.92
img_778.jpg,92C-888.92
img_779.jpg,92C-888.92
img_780.jpg,52P-369.63
img_781.jpg,52P-369.63
img_782.jpg,52P-369.63
img_783.jpg,52P-369.63
img_784.jpg,52P-369.63
img_785.jpg,52P-369.63
img_786.jpg,63A-468.64
img_787.jpg,52P-369.63
img_788.jpg,70C-159.51
img_789.jpg,52P-369.63
img_790.jpg,52P-369.63
img_791.jpg,52P-369.63
img_792.jpg,52P-369.63
img_793.jpg,52P-369.63
img_794.jpg,52P-369.63
img_795.jpg,52P-369.63
img_796.jpg,52P-369.63
img_797.jpg,52P-369.63
img_798.jpg,63A-468.64
img_799.jpg,52P-369.63
img_800.jpg,70C-159.51
img_801.jpg,52P-369.63
img_802.jpg,52P-369.63
img_803.jpg,52P-369.63
img_804.jpg,52P-369.63
img_805.jpg,52P-369.63
img_806.jpg,52P-369.63
img_807.jpg,52P-369.63
img_808.jpg,52P-369.63
img_809.jpg,52P-369.63
img_810.jpg,52P-369.63
img_811.jpg,70C-159.51
img_812.jpg,52P-369.63
img_813.jpg,52P-369.63
img_814.jpg,52P-369.63
img_815.jpg,52P-369.63
img_816.jpg,52P-369.63
img_817.jpg,52P-369.63
img_818.jpg,52P-369.63
img_819.jpg,52P-369.63
img_820.jpg,52P-369.63
img_821.jpg,52P-369.63
img_822.jpg,70C-159.51
img_823.jpg,52P-369.63
img_824.jpg,52P-369.63
img_825.jpg,52P-369.63
img_826.jpg,52P-369.63
img_827.jpg,52P-369.63
img_828.jpg,52P-369.63
img_829.jpg,52P-369.63
img_830.jpg,52P-369.63
img_831.jpg,52P-369.63
img_832.jpg,52P-369.63
img_833.jpg,70C-159.51
img_834.jpg,52P-369.63
img_835.jpg,52P-369.63
img_836.jpg,52P-369.63
img_837.jpg,52P-369.63
img_838.jpg,52P-369.63
img_839.jpg,52P-369.63
img_840.jpg,52P-369.63
img_841.jpg,52P-369.63
img_842.jpg,52P-369.63
img_843.jpg,52P-369.63
img_844.jpg,70C-159.51
img_845.jpg,52P-369.63
img_846.jpg,43A-123.68
img_847.jpg,43A-123.68
img_848.jpg,43A-123.68
img_849.jpg,43A-123.68
img_850.jpg,43A-123.68
img_851.jpg,43A-123.68
img_852.jpg,43A-123.68
img_853.jpg,43A-123.68
img_854.jpg,43A-123.68
img_855.jpg,70C-159.51
img_856.jpg,43A-123.68
img_857.jpg,43A-123.68
img_858.jpg,43A-123.68
img_859.jpg,43A-123.68
img_860.jpg,43A-123.68
img_861.jpg,43A-123.68
img_862.jpg,43A-123.68
img_863.jpg,43A-123.68
img_864.jpg,43A-123.68
img_865.jpg,43A-123.68
img_866.jpg,70C-159.51
img_867.jpg,43A-123.68
img_868.jpg,43A-123.68
img_869.jpg,43A-123.68
img_870.jpg,43A-123.68
img_871.jpg,43A-123.68
img_872.jpg,43A-123.68
img_873.jpg,43A-123.68
img_874.jpg,43A-123.68
img_875.jpg,43A-123.68
img_876.jpg,43A-123.68
img_877.jpg,70C-159.51
img_878.jpg,43A-123.68
img_879.jpg,43A-123.68
img_880.jpg,43A-123.68
img_881.jpg,43A-123.68
img_882.jpg,43A-123.68
img_883.jpg,43A-123.68
img_884.jpg,43A-123.68
img_885.jpg,43A-123.68
img_886.jpg,43A-123.68
img_887.jpg,43A-123.68
img_888.jpg,70C-159.51
img_889.jpg,43A-123.68
img_890.jpg,43A-123.68
img_891.jpg,43A-123.68
img_892.jpg,43A-123.68
img_893.jpg,43A-123.68
img_894.jpg,43A-123.68
img_895.jpg,43A-123.68
img_896.jpg,43A-123.68
img_897.jpg,43A-123.68
img_898.jpg,43A-123.68
img_899.jpg,70C-159.51
img_900.jpg,43A-123.68
img_901.jpg,43A-123.68
img_902.jpg,43A-123.68
img_903.jpg,43A-123.68
img_904.jpg,43A-123.68
img_905.jpg,43A-123.68
img_906.jpg,43A-123.68
img_907.jpg,43A-123.68
img_908.jpg,43A-123.68
img_909.jpg,63A-468.64
img_910.jpg,43A-123.68
img_911.jpg,70C-159.51
img_912.jpg,43A-123.68
img_913.jpg,43A-123.68
img_914.jpg,43A-123.68
img_915.jpg,43A-123.68
img_916.jpg,43A-123.68
img_917.jpg,43A-123.68
img_918.jpg,43A-123.68
img_919.jpg,50X-123.45
img_920.jpg,50X-123.45
img_921.jpg,70C-159.51
img_922.jpg,50X-123.45
img_923.jpg,50X-123.45
img_924.jpg,50X-123.45
img_925.jpg,50X-123.45
img_926.jpg,50X-123.45
img_927.jpg,50X-123.45
img_928.jpg,50X-123.45
img_929.jpg,50X-123.45
img_930.jpg,50X-123.45
img_931.jpg,50X-123.45
img_932.jpg,70C-159.51
img_933.jpg,50X-123.45
img_934.jpg,50X-123.45
img_935.jpg,50X-123.45
img_936.jpg,50X-123.45
img_937.jpg,50X-123.45
img_938.jpg,50X-123.45
img_939.jpg,50X-123.45
img_940.jpg,50X-123.45
img_941.jpg,50X-123.45
img_942.jpg,50X-123.45
img_943.jpg,70C-159.51
img_944.jpg,50X-123.45
img_945.jpg,50X-123.45
img_946.jpg,50X-123.45
img_947.jpg,50X-123.45
img_948.jpg,50X-123.45
img_949.jpg,50X-123.45
img_950.jpg,50X-123.45
img_951.jpg,50X-123.45
img_952.jpg,50X-123.45
img_953.jpg,50X-123.45
img_954.jpg,70C-159.51
img_955.jpg,50X-123.45
img_956.jpg,50X-123.45
img_957.jpg,50X-123.45
img_958.jpg,50X-123.45
img_959.jpg,50X-123.45
img_960.jpg,50X-123.45
img_961.jpg,50X-123.45
img_962.jpg,50X-123.45
img_963.jpg,50X-123.45
img_964.jpg,50X-123.45
img_965.jpg,50X-123.45
img_966.jpg,50X-123.45
img_967.jpg,50X-123.45
img_968.jpg,50X-123.45
img_969.jpg,50X-123.45
img_970.jpg,50X-123.45
img_971.jpg,50X-123.45
img_972.jpg,50X-123.45
img_973.jpg,70C-159.51
img_974.jpg,70C-159.51
img_975.jpg,70C-159.51
img_976.jpg,92C-888.92
img_977.jpg,92C-888.92
img_978.jpg,92C-888.92
img_979.jpg,92C-888.92
img_980.jpg,92C-888.92
img_981.jpg,92C-888.92
img_982.jpg,92C-888.92
img_983.jpg,92C-888.92
img_984.jpg,92C-888.92
img_985.jpg,92C-888.92
img_986.jpg,70C-159.51
img_987.jpg,92C-888.92
img_988.jpg,92C-888.92
img_989.jpg,92C-888.92
img_990.jpg,92C-888.92
img_991.jpg,92C-888.92
img_992.jpg,92C-888.92
img_993.jpg,92C-888.92
img_994.jpg,92C-888.92
img_995.jpg,92C-888.92
img_996.jpg,92C-888.92
img_997.jpg,70C-159.51
img_998.jpg,92C-888.92
img_999.jpg,92C-888.92
img_1000.jpg,92C-888.92
img_1001.jpg,92C-888.92
img_1002.jpg,70C-159.51
img_1003.jpg,95A-975.79
img_1004.jpg,95A-975.79
img_1005.jpg,95A-975.79
img_1006.jpg,63A-468.64
img_1007.jpg,95A-975.79
img_1008.jpg,70C-159.51
img_1009.jpg,95A-975.79
img_1010.jpg,95A-975.79
img_1011.jpg,95A-975.79
img_1012.jpg,95A-975.79
img_1013.jpg,95A-975.79
img_1014.jpg,95A-975.79
img_1015.jpg,95A-975.79
img_1016.jpg,95A-975.79
img_1017.jpg,95A-975.79
img_1018.jpg,95A-975.79
img_1019.jpg,70C-159.51
img_1020.jpg,95A-975.79
img_1021.jpg,95A-975.79
img_1022.jpg,95A-975.79
img_1023.jpg,95A-975.79
img_1024.jpg,95A-975.79
img_1025.jpg,95A-975.79
img_1026.jpg,95A-975.79
img_1027.jpg,95A-975.79
img_1028.jpg,95A-975.79
img_1029.jpg,95A-975.79
img_1030.jpg,70C-159.51
img_1031.jpg,95A-975.79
img_1032.jpg,95A-975.79
img_1033.jpg,95A-975.79
img_1034.jpg,95A-975.79
img_1035.jpg,95A-975.79
img_1036.jpg,95A-975.79
img_1037.jpg,95A-975.79
img_1038.jpg,95A-975.79
img_1039.jpg,95A-975.79
img_1040.jpg,95A-975.79
img_1041.jpg,95A-975.79
img_1042.jpg,95A-975.79
img_1043.jpg,95A-975.79
img_1044.jpg,95A-975.79
img_1045.jpg,95A-975.79
img_1046.jpg,95A-975.79
img_1047.jpg,95A-975.79
img_1048.jpg,95A-975.79
img_1049.jpg,95A-975.79
img_1050.jpg,95A-975.79
img_1051.jpg,95A-975.79
img_1052.jpg,70C-159.51
img_1053.jpg,95A-975.79
img_1054.jpg,95A-975.79
img_1055.jpg,95A-975.79
img_1056.jpg,95A-975.79
img_1057.jpg,95A-975.79
img_1058.jpg,95A-975.79
img_1059.jpg,95A-975.79
img_1060.jpg,95A-975.79
img_1061.jpg,95A-975.79
img_1062.jpg,95A-975.79
img_1063.jpg,70C-159.51
img_1064.jpg,61B-246.80
img_1065.jpg,61B-246.80
img_1066.jpg,61B-246.80
img_1067.jpg,61B-246.80
img_1068.jpg,61B-246.80
img_1069.jpg,61B-246.80
img_1070.jpg,61B-246.80
img_1071.jpg,61B-246.80
img_1072.jpg,70C-159.51
img_1073.jpg,61B-246.80
img_1074.jpg,61B-246.80
img_1075.jpg,61B-246.80
img_1076.jpg,61B-246.80
img_1077.jpg,61B-246.80
img_1078.jpg,61B-246.80
img_1079.jpg,61B-246.80
img_1080.jpg,61B-246.80
img_1081.jpg,61B-246.80
img_1082.jpg,61B-246.80
img_1083.jpg,70C-159.51
img_1084.jpg,61B-246.80
img_1085.jpg,61B-246.80
img_1086.jpg,61B-246.80
img_1087.jpg,61B-246.80
img_1088.jpg,61B-246.80
img_1089.jpg,61B-246.80
img_1090.jpg,61B-246.80
img_1091.jpg,61B-246.80
img_1092.jpg,61B-246.80
img_1093.jpg,61B-246.80
img_1094.jpg,70C-159.51
img_1095.jpg,61B-246.80
img_1096.jpg,61B-246.80
img_1097.jpg,61B-246.80
img_1098.jpg,61B-246.80
img_1099.jpg,61B-246.80
img_1100.jpg,61B-246.80
img_1101.jpg,61B-246.80
img_1102.jpg,61B-246.80
img_1103.jpg,61B-246.80
img_1104.jpg,61B-246.80
img_1105.jpg,70C-159.51
img_1106.jpg,61B-246.80
img_1107.jpg,61B-246.80
img_1108.jpg,61B-246.80
img_1109.jpg,61B-246.80
img_1110.jpg,61B-246.80
img_1111.jpg,61B-246.80
img_1112.jpg,61B-246.80
img_1113.jpg,61B-246.80
img_1114.jpg,61B-246.80
img_1115.jpg,63A-468.64
img_1116.jpg,61B-246.80
img_1117.jpg,70C-159.51
img_1118.jpg,61B-246.80
img_1119.jpg,61B-246.80
img_1120.jpg,60A-135.79
img_1121.jpg,60A-135.79
img_1122.jpg,60A-135.79
img_1123.jpg,60A-135.79
img_1124.jpg,60A-135.79
img_1125.jpg,60A-135.79
img_1126.jpg,60A-135.79
img_1127.jpg,70C-159.51
img_1128.jpg,60A-135.79
img_1129.jpg,60A-135.79
img_1130.jpg,60A-135.79
img_1131.jpg,60A-135.79
img_1132.jpg,60A-135.79
img_1133.jpg,60A-135.79
img_1134.jpg,60A-135.79
img_1135.jpg,60A-135.79
img_1136.jpg,60A-135.79
img_1137.jpg,70C-159.51
img_1138.jpg,60A-135.79
img_1139.jpg,60A-135.79
img_1140.jpg,60A-135.79
img_1141.jpg,60A-135.79
img_1142.jpg,60A-135.79
img_1143.jpg,60A-135.79
img_1144.jpg,60A-135.79
img_1145.jpg,60A-135.79
img_1146.jpg,60A-135.79
img_1147.jpg,60A-135.79
img_1148.jpg,70C-159.51
img_1149.jpg,60A-135.79
img_1150.jpg,60A-135.79
img_1151.jpg,60A-135.79
img_1152.jpg,60A-135.79
img_1153.jpg,60A-135.79
img_1154.jpg,60A-135.79
img_1155.jpg,60A-135.79
img_1156.jpg,60A-135.79
img_1157.jpg,60A-135.79
img_1158.jpg,70C-159.51
img_1159.jpg,60A-135.79
img_1160.jpg,60A-135.79
img_1161.jpg,60A-135.79
img_1162.jpg,60A-135.79
img_1163.jpg,60A-135.79
img_1164.jpg,60A-135.79
img_1165.jpg,60A-135.79
img_1166.jpg,70C-159.51
img_1167.jpg,60A-135.79
img_1168.jpg,60A-135.79
img_1169.jpg,60A-135.79
img_1170.jpg,60A-135.79
img_1171.jpg,60A-135.79
img_1172.jpg,60A-135.79
img_1173.jpg,60A-135.79
img_1174.jpg,60A-135.79
img_1175.jpg,60A-135.79
img_1176.jpg,60A-135.79
img_1177.jpg,70C-159.51
img_1178.jpg,60A-135.79
img_1179.jpg,60A-135.79
img_1180.jpg,53G-888.53
img_1181.jpg,53G-888.53
img_1182.jpg,53G-888.53
img_1183.jpg,53G-888.53
img_1184.jpg,53G-888.53
img_1185.jpg,53G-888.53
img_1186.jpg,53G-888.53
img_1187.jpg,70C-159.51
img_1188.jpg,53G-888.53
img_1189.jpg,53G-888.53
img_1190.jpg,53G-888.53
img_1191.jpg,53G-888.53
img_1192.jpg,53G-888.53
img_1193.jpg,53G-888.53
img_1194.jpg,53G-888.53
img_1195.jpg,53G-888.53
img_1196.jpg,53G-888.53
img_1197.jpg,53G-888.53
img_1198.jpg,70C-159.51
img_1199.jpg,53G-888.53
img_1200.jpg,53G-888.53
img_1201.jpg,53G-888.53
img_1202.jpg,53G-888.53
img_1203.jpg,53G-888.53
img_1204.jpg,53G-888.53
img_1205.jpg,53G-888.53
img_1206.jpg,70C-159.51
img_1207.jpg,53G-888.53
img_1208.jpg,53G-888.53
img_1209.jpg,53G-888.53
img_1210.jpg,53G-888.53
img_1211.jpg,53G-888.53
img_1212.jpg,53G-888.53
img_1213.jpg,53G-888.53
img_1214.jpg,53G-888.53
img_1215.jpg,53G-888.53
img_1216.jpg,63A-468.64
img_1217.jpg,53G-888.53
img_1218.jpg,70C-159.51
img_1219.jpg,53G-888.53
img_1220.jpg,53G-888.53
img_1221.jpg,53G-888.53
img_1222.jpg,53G-888.53
img_1223.jpg,53G-888.53
img_1224.jpg,53G-888.53
img_1225.jpg,53G-888.53
img_1226.jpg,53G-888.53
img_1227.jpg,53G-888.53
img_1228.jpg,53G-888.53
img_1229.jpg,70C-159.51
img_1230.jpg,53G-888.53
img_1231.jpg,53G-888.53
img_1232.jpg,53G-888.53
img_1233.jpg,53G-888.53
img_1234.jpg,53G-888.53
img_1235.jpg,53G-888.53
img_1236.jpg,53G-888.53
img_1237.jpg,53G-888.53
img_1238.jpg,53G-888.53
img_1239.jpg,53G-888.53
img_1240.jpg,70C-159.51
img_1241.jpg,53G-888.53
img_1242.jpg,53G-888.53
img_1243.jpg,53G-888.53
img_1244.jpg,53G-888.53
img_1245.jpg,53G-888.53
img_1246.jpg,53G-888.53
img_1247.jpg,53G-888.53
img_1248.jpg,53G-888.53
img_1249.jpg,53G-888.53
img_1250.jpg,53G-888.53
img_1251.jpg,70C-159.51
img_1252.jpg,62C-357.53
img_1253.jpg,62C-357.53
img_1254.jpg,62C-357.53
img_1255.jpg,62C-357.53
img_1256.jpg,62C-357.53
img_1257.jpg,62C-357.53
img_1258.jpg,62C-357.53
img_1259.jpg,62C-357.53
img_1260.jpg,62C-357.53
img_1261.jpg,70C-159.51
img_1262.jpg,62C-357.53
img_1263.jpg,62C-357.53
img_1264.jpg,62C-357.53
img_1265.jpg,62C-357.53
img_1266.jpg,62C-357.53
img_1267.jpg,62C-357.53
img_1268.jpg,62C-357.53
img_1269.jpg,62C-357.53
img_1270.jpg,62C-357.53
img_1271.jpg,62C-357.53
img_1272.jpg,70C-159.51
img_1273.jpg,62C-357.53
img_1274.jpg,62C-357.53
img_1275.jpg,62C-357.53
img_1276.jpg,62C-357.53
img_1277.jpg,62C-357.53
img_1278.jpg,62C-357.53
img_1279.jpg,62C-357.53
img_1280.jpg,62C-357.53
img_1281.jpg,62C-357.53
img_1282.jpg,62C-357.53
img_1283.jpg,70C-159.51
img_1284.jpg,62C-357.53
img_1285.jpg,62C-357.53
img_1286.jpg,62C-357.53
img_1287.jpg,62C-357.53
img_1288.jpg,62C-357.53
img_1289.jpg,62C-357.53
img_1290.jpg,62C-357.53
img_1291.jpg,62C-357.53
img_1292.jpg,62C-357.53
img_1293.jpg,70C-159.51
img_1294.jpg,62C-357.53
img_1295.jpg,62C-357.53
img_1296.jpg,62C-357.53
img_1297.jpg,62C-357.53
img_1298.jpg,62C-357.53
img_1299.jpg,62C-357.53
img_1300.jpg,62C-357.53
img_1301.jpg,62C-357.53
img_1302.jpg,62C-357.53
img_1303.jpg,70C-159.51
img_1304.jpg,62C-357.53
img_1305.jpg,62C-357.53
img_1306.jpg,62C-357.53
img_1307.jpg,62C-357.53
img_1308.jpg,62C-357.53
img_1309.jpg,62C-357.53
img_1310.jpg,62C-357.53
img_1311.jpg,62C-357.53
img_1312.jpg,62C-357.53
img_1313.jpg,62C-357.53
img_1314.jpg,70C-159.51
img_1315.jpg,62C-357.53
img_1316.jpg,62C-357.53
img_1317.jpg,62C-357.53
img_1318.jpg,62C-357.53
img_1319.jpg,62C-357.53
img_1320.jpg,62C-357.53
img_1321.jpg,62C-357.53
img_1322.jpg,62C-357.53
img_1323.jpg,63A-468.64
img_1324.jpg,62C-357.53
img_1325.jpg,70C-159.51
img_1326.jpg,62C-357.53
img_1327.jpg,62C-357.53
img_1328.jpg,62C-357.53
img_1329.jpg,62C-357.53
img_1330.jpg,62C-357.53
img_1331.jpg,62C-357.53
img_1332.jpg,62C-357.53
img_1333.jpg,62C-357.53
img_1334.jpg,62C-357.53
img_1335.jpg,62C-357.53
img_1336.jpg,70C-159.51
img_1337.jpg,84B-686.84
img_1338.jpg,69B-789.89
img_1339.jpg,69B-789.89
img_1340.jpg,69B-789.89
img_1341.jpg,69B-789.89
img_1342.jpg,69B-789.89
img_1343.jpg,69B-789.89
img_1344.jpg,69B-789.89
img_1345.jpg,69B-789.89
img_1346.jpg,84B-686.84
img_1347.jpg,69B-789.89
img_1348.jpg,69B-789.89
img_1349.jpg,69B-789.89
img_1350.jpg,69B-789.89
img_1351.jpg,69B-789.89
img_1352.jpg,69B-789.89
img_1353.jpg,69B-789.89
img_1354.jpg,69B-789.89
img_1355.jpg,69B-789.89
img_1356.jpg,69B-789.89
img_1357.jpg,84B-686.84
img_1358.jpg,69B-789.89
img_1359.jpg,69B-789.89
img_1360.jpg,69B-789.89
img_1361.jpg,69B-789.89
img_1362.jpg,69B-789.89
img_1363.jpg,69B-789.89
img_1364.jpg,69B-789.89
img_1365.jpg,84B-686.84
img_1366.jpg,69B-789.89
img_1367.jpg,69B-789.89
img_1368.jpg,69B-789.89
img_1369.jpg,69B-789.89
img_1370.jpg,69B-789.89
img_1371.jpg,69B-789.89
img_1372.jpg,69B-789.89
img_1373.jpg,69B-789.89
img_1374.jpg,69B-789.89
img_1375.jpg,69B-789.89
img_1376.jpg,84B-686.84
img_1377.jpg,69B-789.89
img_1378.jpg,69B-789.89
img_1379.jpg,69B-789.89
img_1380.jpg,69B-789.89
img_1381.jpg,69B-789.89
img_1382.jpg,69B-789.89
img_1383.jpg,69B-789.89
img_1384.jpg,69B-789.89
img_1385.jpg,69B-789.89
img_1386.jpg,69B-789.89
img_1387.jpg,84B-686.84
img_1388.jpg,69B-789.89
img_1389.jpg,69B-789.89
img_1390.jpg,69B-789.89
img_1391.jpg,69B-789.89
img_1392.jpg,69B-789.89
img_1393.jpg,69B-789.89
img_1394.jpg,69B-789.89
img_1395.jpg,69B-789.89
img_1396.jpg,69B-789.89
img_1397.jpg,69B-789.89
img_1398.jpg,84B-686.84
img_1399.jpg,69B-789.89
img_1400.jpg,69B-789.89
img_1401.jpg,69B-789.89
img_1402.jpg,69B-789.89
img_1403.jpg,69B-789.89
img_1404.jpg,69B-789.89
img_1405.jpg,69B-789.89
img_1406.jpg,69B-789.89
img_1407.jpg,69B-789.89
img_1408.jpg,69B-789.89
img_1409.jpg,84B-686.84
img_1410.jpg,69B-789.89
img_1411.jpg,69B-789.89
img_1412.jpg,69B-789.89
img_1413.jpg,69B-789.89
img_1414.jpg,69B-789.89
img_1415.jpg,69B-789.89
img_1416.jpg,69B-789.89
img_1417.jpg,69B-789.89
img_1418.jpg,84B-686.84
img_1419.jpg,84B-686.84
img_1420.jpg,84B-686.84
img_1421.jpg,84B-686.84
img_1422.jpg,84B-686.84
img_1423.jpg,84B-686.84
img_1424.jpg,84B-686.84
img_1425.jpg,84B-686.84
img_1426.jpg,84B-686.84
img_1427.jpg,84B-686.84
img_1428.jpg,63A-468.64
img_1429.jpg,84B-686.84
img_1430.jpg,84B-686.84
img_1431.jpg,84B-686.84
img_1432.jpg,84B-686.84
img_1433.jpg,84B-686.84
img_1434.jpg,84B-686.84
img_1435.jpg,84B-686.84
img_1436.jpg,84B-686.84
img_1437.jpg,84B-686.84
img_1438.jpg,84B-686.84
img_1439.jpg,63A-468.64
img_1440.jpg,84B-686.84
img_1441.jpg,84B-686.84
img_1442.jpg,84B-686.84
img_1443.jpg,84B-686.84
img_1444.jpg,84B-686.84
img_1445.jpg,84B-686.84
img_1446.jpg,84B-686.84
img_1447.jpg,84B-686.84
img_1448.jpg,84B-686.84
img_1449.jpg,84B-686.84
img_1450.jpg,63A-468.64
img_1451.jpg,84B-686.84
img_1452.jpg,84B-686.84
img_1453.jpg,84B-686.84
img_1454.jpg,84B-686.84
img_1455.jpg,84B-686.84
img_1456.jpg,84B-686.84
img_1457.jpg,84B-686.84
img_1458.jpg,84B-686.84
img_1459.jpg,84B-686.84
img_1460.jpg,63A-468.64
img_1461.jpg,84B-686.84
img_1462.jpg,84B-686.84
img_1463.jpg,84B-686.84
img_1464.jpg,84B-686.84
img_1465.jpg,84B-686.84
img_1466.jpg,84B-686.84
img_1467.jpg,84B-686.84
img_1468.jpg,84B-686.84
img_1469.jpg,84B-686.84
img_1470.jpg,84B-686.84
img_1471.jpg,84B-686.84
img_1472.jpg,84B-686.84
img_1473.jpg,84B-686.84
img_1474.jpg,84B-686.84
img_1475.jpg,84B-686.84
img_1476.jpg,84B-686.84
img_1477.jpg,84B-686.84
img_1478.jpg,84B-686.84
img_1479.jpg,84B-686.84
img_1480.jpg,84B-686.84
img_1481.jpg,84B-686.84
img_1482.jpg,84B-686.84
img_1483.jpg,84B-686.84
img_1484.jpg,84B-686.84
img_1485.jpg,84B-686.84
img_1486.jpg,84B-686.84
img_1487.jpg,84B-686.84
img_1488.jpg,84B-686.84
img_1489.jpg,84B-686.84
img_1490.jpg,84B-686.84
img_1491.jpg,84B-686.84
img_1492.jpg,84B-686.84
img_1493.jpg,84B-686.84
img_1494.jpg,84B-686.84
img_1495.jpg,84B-686.84
img_1496.jpg,84B-686.84
img_1497.jpg,84B-686.84
img_1498.jpg,84B-686.84
img_1499.jpg,84B-686.84
img_1500.jpg,84B-686.84
img_1501.jpg,84B-686.84
img_1502.jpg,84B-686.84
img_1503.jpg,84B-686.84
img_1504.jpg,59H-333.33
img_1505.jpg,59H-333.33
img_1506.jpg,59H-333.33
img_1507.jpg,59H-333.33
img_1508.jpg,59H-333.33
img_1509.jpg,59H-333.33
img_1510.jpg,59H-333.33
img_1511.jpg,59H-333.33
img_1512.jpg,59H-333.33
img_1513.jpg,59H-333.33
img_1514.jpg,59H-333.33
img_1515.jpg,59H-333.33
img_1516.jpg,59H-333.33
img_1517.jpg,59H-333.33
img_1518.jpg,59H-333.33
img_1519.jpg,63A-468.64
img_1520.jpg,59H-333.33
img_1521.jpg,59H-333.33
img_1522.jpg,59H-333.33
img_1523.jpg,59H-333.33
img_1524.jpg,59H-333.33
img_1525.jpg,59H-333.33
img_1526.jpg,59H-333.33
img_1527.jpg,59H-333.33
img_1528.jpg,59H-333.33
img_1529.jpg,59H-333.33
img_1530.jpg,63A-468.64
img_1531.jpg,59H-333.33
img_1532.jpg,59H-333.33
img_1533.jpg,59H-333.33
img_1534.jpg,59H-333.33
img_1535.jpg,59H-333.33
img_1536.jpg,59H-333.33
img_1537.jpg,59H-333.33
img_1538.jpg,59H-333.33
img_1539.jpg,59H-333.33
img_1540.jpg,59H-333.33
img_1541.jpg,63A-468.64
img_1542.jpg,59H-333.33
img_1543.jpg,59H-333.33
img_1544.jpg,59H-333.33
img_1545.jpg,59H-333.33
img_1546.jpg,59H-333.33
img_1547.jpg,59H-333.33
img_1548.jpg,59H-333.33
img_1549.jpg,59H-333.33
img_1550.jpg,59H-333.33
img_1551.jpg,59H-333.33
img_1552.jpg,59H-333.33
img_1553.jpg,63A-468.64
img_1554.jpg,59H-333.33
img_1555.jpg,59H-333.33
img_1556.jpg,59H-333.33
img_1557.jpg,59H-333.33
img_1558.jpg,59H-333.33
img_1559.jpg,59H-333.33
img_1560.jpg,59H-333.33
img_1561.jpg,59H-333.33
img_1562.jpg,59H-333.33
img_1563.jpg,59H-333.33
img_1564.jpg,63A-468.64
img_1565.jpg,59H-333.33
img_1566.jpg,59H-333.33
img_1567.jpg,59H-333.33
img_1568.jpg,59H-333.33
img_1569.jpg,59H-333.33
img_1570.jpg,59H-333.33
img_1571.jpg,59H-333.33
img_1572.jpg,59H-333.33
img_1573.jpg,59H-333.33
img_1574.jpg,63A-468.64
img_1575.jpg,59H-333.33
img_1576.jpg,63A-468.64
img_1577.jpg,59H-333.33
img_1578.jpg,59H-333.33
img_1579.jpg,59H-333.33
img_1580.jpg,59H-333.33
img_1581.jpg,59H-333.33
img_1582.jpg,59H-333.33
img_1583.jpg,59H-333.33
img_1584.jpg,59H-333.33
img_1585.jpg,59H-333.33
img_1586.jpg,59H-333.33
img_1587.jpg,63A-468.64
img_1588.jpg,59H-333.33
img_1589.jpg,59H-333.33
img_1590.jpg,59H-333.33
img_1591.jpg,59H-333.33
img_1592.jpg,59H-333.33
img_1593.jpg,59H-333.33
img_1594.jpg,59H-333.33
img_1595.jpg,59H-333.33
img_1596.jpg,59H-333.33
img_1597.jpg,59H-333.33
img_1598.jpg,63A-468.64
img_1599.jpg,59H-333.33
img_1600.jpg,59H-333.33
img_1601.jpg,59H-333.33
img_1602.jpg,59H-333.33
img_1603.jpg,59H-333.33
img_1604.jpg,59H-333.33
img_1605.jpg,59H-333.33
img_1606.jpg,59H-333.33
img_1607.jpg,59H-333.33
img_1608.jpg,59H-333.33
img_1609.jpg,63A-468.64
img_1610.jpg,59H-333.33
img_1611.jpg,59H-333.33
img_1612.jpg,59H-333.33
img_1613.jpg,59H-333.33
img_1614.jpg,59H-333.33
img_1615.jpg,59H-333.33
img_1616.jpg,59H-333.33
img_1617.jpg,59H-333.33
img_1618.jpg,59H-333.33
img_1619.jpg,59H-333.33
img_1620.jpg,63A-468.64
img_1621.jpg,59H-333.33
img_1622.jpg,59H-333.33
img_1623.jpg,59H-333.33
img_1624.jpg,59H-333.33
img_1625.jpg,59H-333.33
img_1626.jpg,59H-333.33
img_1627.jpg,59H-333.33
img_1628.jpg,59H-333.33
img_1629.jpg,59H-333.33
img_1630.jpg,59H-333.33
img_1631.jpg,63A-468.64
img_1632.jpg,59H-333.33
img_1633.jpg,59H-333.33
img_1634.jpg,59H-333.33
img_1635.jpg,63A-468.64
img_1636.jpg,63A-468.64
img_1637.jpg,63A-468.64
img_1638.jpg,63A-468.64
img_1639.jpg,63A-468.64
img_1640.jpg,63A-468.64
img_1641.jpg,63A-468.64
img_1642.jpg,63A-468.64
img_1643.jpg,63A-468.64
img_1644.jpg,63A-468.64
img_1645.jpg,63A-468.64
img_1646.jpg,63A-468.64
img_1647.jpg,63A-468.64
img_1648.jpg,63A-468.64
img_1649.jpg,63A-468.64
img_1650.jpg,63A-468.64
img_1651.jpg,63A-468.64
img_1652.jpg,63A-468.64
img_1653.jpg,63A-468.64
img_1654.jpg,63A-468.64
img_1655.jpg,63A-468.64
img_1656.jpg,63A-468.64
img_1657.jpg,63A-468.64
img_1658.jpg,63A-468.64
img_1659.jpg,63A-468.64
img_1660.jpg,63A-468.64
img_1661.jpg,63A-468.64
img_1662.jpg,63A-468.64
img_1663.jpg,63A-468.64
img_1664.jpg,63A-468.64
img_1665.jpg,63A-468.64
img_1666.jpg,63A-468.64
img_1667.jpg,63A-468.64
img_1668.jpg,63A-468.64
img_1669.jpg,63A-468.64
img_1670.jpg,63A-468.64
img_1671.jpg,63A-468.64
img_1672.jpg,63A-468.64
img_1673.jpg,63A-468.64
img_1674.jpg,63A-468.64
img_1675.jpg,63A-468.64
img_1676.jpg,63A-468.64
img_1677.jpg,63A-468.64
img_1678.jpg,63A-468.64
img_1679.jpg,63A-468.64
img_1680.jpg,63A-468.64
img_1681.jpg,63A-468.64
img_1682.jpg,63A-468.64
img_1683.jpg,63A-468.64
img_1684.jpg,63A-468.64
img_1685.jpg,63A-468.64
img_1686.jpg,63A-468.64
img_1687.jpg,63A-468.64
img_1688.jpg,63A-468.64
img_1689.jpg,63A-468.64
img_1690.jpg,63A-468.64
img_1691.jpg,63A-468.64
img_1692.jpg,63A-468.64
img_1693.jpg,63A-468.64
img_1694.jpg,63A-468.64
img_1695.jpg,63A-468.64
img_1696.jpg,63A-468.64
img_1697.jpg,63A-468.64
img_1698.jpg,63A-468.64
img_1699.jpg,63A-468.64
img_1700.jpg,63A-468.64
img_1701.jpg,63A-468.64
img_1702.jpg,63A-468.64
img_1703.jpg,63A-468.64
img_1704.jpg,63A-468.64
img_1705.jpg,63A-468.64
img_1706.jpg,63A-468.64
img_1707.jpg,63A-468.64
img_1708.jpg,63A-468.64
img_1709.jpg,63A-468.64
img_1710.jpg,63A-468.64
img_1711.jpg,63A-468.64
img_1712.jpg,63A-468.64
img_1713.jpg,63A-468.64
img_1714.jpg,63A-468.64
img_1715.jpg,63A-468.64
img_1716.jpg,63A-468.64
img_1717.jpg,63A-468.64
img_1718.jpg,63A-468.64
img_1719.jpg,63A-468.64
img_1720.jpg,63A-468.64
img_1721.jpg,63A-468.64
img_1722.jpg,63A-468.64
img_1723.jpg,63A-468.64
img_1724.jpg,63A-468.64
img_1725.jpg,63A-468.64
img_1726.jpg,63A-468.64
img_1727.jpg,63A-468.64
img_1728.jpg,63A-468.64
img_1729.jpg,63A-468.64
img_1730.jpg,63A-468.64
img_1731.jpg,63A-468.64
img_1732.jpg,63A-468.64
img_1733.jpg,63A-468.64
img_1734.jpg,63A-468.64
img_1735.jpg,63A-468.64
img_1736.jpg,63A-468.64
img_1737.jpg,63A-468.64
img_1738.jpg,63A-468.64
img_1739.jpg,63A-468.64
img_1740.jpg,63A-468.64
img_1741.jpg,63A-468.64
img_1742.jpg,63A-468.64
img_1743.jpg,63A-468.64
img_1744.jpg,63A-468.64
img_1745.jpg,63A-468.64
img_1746.jpg,63A-468.64
img_1747.jpg,63A-468.64
img_1748.jpg,63A-468.64
img_1749.jpg,63A-468.64
img_1750.jpg,63A-468.64
img_1751.jpg,63A-468.64
img_1752.jpg,63A-468.64
img_1753.jpg,63A-468.64
img_1754.jpg,63A-468.64
img_1755.jpg,63A-468.64
img_1756.jpg,63A-468.64
img_1757.jpg,63A-468.64
img_1758.jpg,63A-468.64
img_1759.jpg,63A-468.64
img_1760.jpg,63A-468.64
img_1761.jpg,63A-468.64
img_1762.jpg,63A-468.64
img_1763.jpg,63A-468.64
img_1764.jpg,63A-468.64
img_1765.jpg,63A-468.64
img_1766.jpg,63A-468.64
img_1767.jpg,63A-468.64
img_1768.jpg,63A-468.64
img_1769.jpg,63A-468.64
img_1770.jpg,63A-468.64
img_1771.jpg,63A-468.64
img_1772.jpg,63A-468.64
img_1773.jpg,63A-468.64
img_1774.jpg,63A-468.64
img_1775.jpg,63A-468.64
img_1776.jpg,63A-468.64
img_1777.jpg,63A-468.64
img_1778.jpg,63A-468.64
img_1779.jpg,63A-468.64
img_1780.jpg,63A-468.64
img_1781.jpg,63A-468.64
img_1782.jpg,63A-468.64
img_1783.jpg,63A-468.64
img_1784.jpg,63A-468.64
img_1785.jpg,63A-468.64
img_1786.jpg,63A-468.64
img_1787.jpg,63A-468.64
img_1788.jpg,63A-468.64
img_1789.jpg,63A-468.64
img_1790.jpg,63A-468.64
img_1791.jpg,63A-468.64
img_1792.jpg,63A-468.64
img_1793.jpg,63A-468.64
img_1794.jpg,63A-468.64
img_1795.jpg,63A-468.64
img_1796.jpg,63A-468.64
img_1797.jpg,63A-468.64
img_1798.jpg,63A-468.64
img_1799.jpg,63A-468.64
img_1800.jpg,63A-468.64
img_1801.jpg,63A-468.64
img_1802.jpg,63A-468.64
img_1803.jpg,63A-468.64
img_1804.jpg,63A-468.64
img_1805.jpg,63A-468.64
img_1806.jpg,63A-468.64
img_1807.jpg,63A-468.64
img_1808.jpg,63A-468.64
img_1809.jpg,63A-468.64
img_1810.jpg,63A-468.64
img_1811.jpg,63A-468.64
img_1812.jpg,63A-468.64
img_1813.jpg,93A-753.57
img_1814.jpg,93A-753.57
img_1815.jpg,93A-753.57
img_1816.jpg,93A-753.57
img_1817.jpg,93A-753.57
img_1818.jpg,93A-753.57
img_1819.jpg,93A-753.57
img_1820.jpg,93A-753.57
img_1821.jpg,93A-753.57
img_1822.jpg,93A-753.57
img_1823.jpg,93A-753.57
img_1824.jpg,93A-753.57
img_1825.jpg,93A-753.57
img_1826.jpg,93A-753.57
img_1827.jpg,63A-468.64
img_1828.jpg,93A-753.57
img_1829.jpg,93A-753.57
img_1830.jpg,93A-753.57
img_1831.jpg,93A-753.57
img_1832.jpg,93A-753.57
img_1833.jpg,93A-753.57
img_1834.jpg,93A-753.57
img_1835.jpg,93A-753.57
img_1836.jpg,93A-753.57
img_1837.jpg,93A-753.57
img_1838.jpg,63A-468.64
img_1839.jpg,93A-753.57
img_1840.jpg,93A-753.57
img_1841.jpg,93A-753.57
img_1842.jpg,93A-753.57
img_1843.jpg,93A-753.57
img_1844.jpg,93A-753.57
img_1845.jpg,93A-753.57
img_1846.jpg,93A-753.57
img_1847.jpg,93A-753.57
img_1848.jpg,93A-753.57
img_1849.jpg,63A-468.64
img_1850.jpg,93A-753.57
img_1851.jpg,93A-753.57
img_1852.jpg,93A-753.57
img_1853.jpg,93A-753.57
img_1854.jpg,93A-753.57
img_1855.jpg,93A-753.57
img_1856.jpg,93A-753.57
img_1857.jpg,93A-753.57
img_1858.jpg,93A-753.57
img_1859.jpg,93A-753.57
img_1860.jpg,63A-468.64
img_1861.jpg,93A-753.57
img_1862.jpg,93A-753.57
img_1863.jpg,93A-753.57
img_1864.jpg,93A-753.57
img_1865.jpg,93A-753.57
img_1866.jpg,93A-753.57
img_1867.jpg,93A-753.57
img_1868.jpg,93A-753.57
img_1869.jpg,93A-753.57
img_1870.jpg,93A-753.57
img_1871.jpg,93A-753.57
img_1872.jpg,93A-753.57
img_1873.jpg,63A-468.64
img_1874.jpg,93A-753.57
img_1875.jpg,93A-753.57
img_1876.jpg,93A-753.57
img_1877.jpg,93A-753.57
img_1878.jpg,93A-753.57
img_1879.jpg,93A-753.57
img_1880.jpg,93A-753.57
img_1881.jpg,93A-753.57
img_1882.jpg,93A-753.57
img_1883.jpg,93A-753.57
img_1884.jpg,93A-753.57
img_1885.jpg,93A-753.57
img_1886.jpg,93A-753.57
img_1887.jpg,93A-753.57
img_1888.jpg,93A-753.57
img_1889.jpg,93A-753.57
img_1890.jpg,93A-753.57
img_1891.jpg,93A-753.57
img_1892.jpg,93A-753.57
img_1893.jpg,93A-753.57
img_1894.jpg,93A-753.57
img_1895.jpg,93A-753.57
img_1896.jpg,93A-753.57
img_1897.jpg,63A-468.64
img_1898.jpg,93A-753.57
img_1899.jpg,93A-753.57
img_1900.jpg,93A-753.57
img_1901.jpg,93A-753.57
img_1902.jpg,93A-753.57
img_1903.jpg,93A-753.57
img_1904.jpg,93A-753.57
img_1905.jpg,93A-753.57
img_1906.jpg,93A-753.57
img_1907.jpg,63A-468.64
img_1908.jpg,93A-753.57
img_1909.jpg,63A-468.64
img_1910.jpg,93A-753.57
img_1911.jpg,93A-753.57
img_1912.jpg,93A-753.57
img_1913.jpg,93A-753.57
img_1914.jpg,93A-753.57
img_1915.jpg,93A-753.57
img_1916.jpg,93A-753.57
img_1917.jpg,93A-753.57
img_1918.jpg,93A-753.57
img_1919.jpg,63A-468.64
img_1920.jpg,63A-468.64
img_1921.jpg,93A-753.57
img_1922.jpg,93A-753.57
img_1923.jpg,93A-753.57
img_1924.jpg,93A-753.57
img_1925.jpg,93A-753.57
img_1926.jpg,93A-753.57
img_1927.jpg,93A-753.57
img_1928.jpg,93A-753.57
img_1929.jpg,93A-753.57
img_1930.jpg,93A-753.57
img_1931.jpg,63A-468.64
img_1932.jpg,93A-753.57
img_1933.jpg,93A-753.57
img_1934.jpg,93A-753.57
img_1935.jpg,51F-645.85
img_1936.jpg,51F-645.85
img_1937.jpg,51F-645.85
img_1938.jpg,51F-645.85
img_1939.jpg,51F-645.85
img_1940.jpg,51F-645.85
img_1941.jpg,51F-645.85
img_1942.jpg,51F-645.85
img_1943.jpg,51F-645.85
img_1944.jpg,51F-645.85
img_1945.jpg,63A-468.64
img_1946.jpg,51F-645.85
img_1947.jpg,51F-645.85
img_1948.jpg,51F-645.85
img_1949.jpg,51F-645.85
img_1950.jpg,51F-645.85
img_1951.jpg,51F-645.85
img_1952.jpg,51F-645.85
img_1953.jpg,51F-645.85
img_1954.jpg,51F-645.85
img_1955.jpg,51F-645.85
img_1956.jpg,63A-468.64
img_1957.jpg,51F-645.85
img_1958.jpg,51F-645.85
img_1959.jpg,51F-645.85
img_1960.jpg,51F-645.85
img_1961.jpg,51F-645.85
img_1962.jpg,51F-645.85
img_1963.jpg,51F-645.85
img_1964.jpg,51F-645.85
img_1965.jpg,51F-645.85
img_1966.jpg,51F-645.85
img_1967.jpg,63A-468.64
img_1968.jpg,51F-645.85
img_1969.jpg,51F-645.85
img_1970.jpg,51F-645.85
img_1971.jpg,51F-645.85
img_1972.jpg,51F-645.85
img_1973.jpg,51F-645.85
img_1974.jpg,51F-645.85
img_1975.jpg,51F-645.85
img_1976.jpg,51F-645.85
img_1977.jpg,51F-645.85
img_1978.jpg,63A-468.64
img_1979.jpg,51F-645.85
img_1980.jpg,51F-645.85
img_1981.jpg,51F-645.85
img_1982.jpg,51F-645.85
img_1983.jpg,51F-645.85
img_1984.jpg,51F-645.85
img_1985.jpg,51F-645.85
img_1986.jpg,51F-645.85
img_1987.jpg,51F-645.85
img_1988.jpg,51F-645.85
img_1989.jpg,63A-468.64
img_1990.jpg,51F-645.85
img_1991.jpg,51F-645.85
img_1992.jpg,51F-645.85
img_1993.jpg,51F-645.85
img_1994.jpg,51F-645.85
img_1995.jpg,51F-645.85
img_1996.jpg,51F-645.85
img_1997.jpg,51F-645.85
img_1998.jpg,51F-645.85
img_1999.jpg,51F-645.85
img_2000.jpg,63A-468.64
img_2001.jpg,51F-645.85
img_2002.jpg,51F-645.85
img_2003.jpg,51F-645.85
img_2004.jpg,51F-645.85
img_2005.jpg,51F-645.85
img_2006.jpg,51F-645.85
img_2007.jpg,51F-645.85
img_2008.jpg,51F-645.85
img_2009.jpg,51F-645.85
img_2010.jpg,63A-468.64
img_2011.jpg,51F-645.85
img_2012.jpg,63A-468.64
img_2013.jpg,51F-645.85
img_2014.jpg,51F-645.85
img_2015.jpg,51F-645.85
img_2016.jpg,51F-645.85
img_2017.jpg,51F-645.85
img_2018.jpg,51F-645.85
img_2019.jpg,51F-645.85
img_2020.jpg,51F-645.85
img_2021.jpg,51F-645.85
img_2022.jpg,51F-645.85
img_2023.jpg,63A-468.64
img_2024.jpg,51F-645.85
img_2025.jpg,51F-645.85
img_2026.jpg,51F-645.85
img_2027.jpg,51F-645.85
img_2028.jpg,51F-645.85
img_2029.jpg,51F-645.85
img_2030.jpg,51F-645.85
img_2031.jpg,51F-645.85
img_2032.jpg,51F-645.85
img_2033.jpg,51F-645.85
img_2034.jpg,63A-468.64
img_2035.jpg,51F-645.85
img_2036.jpg,51F-645.85
img_2037.jpg,51F-645.85
img_2038.jpg,51F-645.85
img_2039.jpg,51F-645.85
img_2040.jpg,51F-645.85
img_2041.jpg,51F-645.85
img_2042.jpg,51F-645.85
img_2043.jpg,51F-645.85
img_2044.jpg,51F-645.85
img_2045.jpg,63A-468.64
img_2046.jpg,51F-645.85
img_2047.jpg,51F-645.85
img_2048.jpg,51F-645.85
img_2049.jpg,51F-645.85
img_2050.jpg,51F-645.85
img_2051.jpg,51F-645.85
img_2052.jpg,51F-645.85
img_2053.jpg,51F-645.85
img_2054.jpg,51F-645.85
img_2055.jpg,51F-645.85
img_2056.jpg,70C-159.51
img_2057.jpg,51F-645.85
img_2058.jpg,51F-645.85
img_2059.jpg,51F-645.85
img_2060.jpg,51F-645.85
img_2061.jpg,51F-645.85
img_2062.jpg,51F-645.85
img_2063.jpg,51F-645.85
img_2064.jpg,51F-645.85
img_2065.jpg,51F-645.85
img_2066.jpg,51F-645.85
img_2067.jpg,70C-159.51
img_2068.jpg,51F-645.85
img_2069.jpg,51F-645.85
img_2070.jpg,51F-645.85
img_2071.jpg,51F-645.85
img_2072.jpg,51F-645.85
img_2073.jpg,51F-645.85
img_2074.jpg,51F-645.85
img_2075.jpg,51F-645.85
img_2076.jpg,51F-645.85
img_2077.jpg,51F-645.85
img_2078.jpg,51F-645.85
img_2079.jpg,51F-645.85
img_2080.jpg,51F-645.85
img_2081.jpg,51F-645.85
img_2082.jpg,51F-645.85
img_2083.jpg,51F-645.85
img_2084.jpg,51F-645.85
img_2085.jpg,51F-645.85
img_2086.jpg,51F-645.85
img_2087.jpg,51F-645.85
img_2088.jpg,51F-645.85
img_2089.jpg,70C-159.51
img_2090.jpg,51F-645.85
img_2091.jpg,51F-645.85
img_2092.jpg,51F-645.85
img_2093.jpg,51F-645.85
img_2094.jpg,51F-645.85
img_2095.jpg,82C-357.53
img_2096.jpg,82C-357.53
img_2097.jpg,82C-357.53
img_2098.jpg,82C-357.53
img_2099.jpg,70C-159.51
img_2100.jpg,82C-357.53
img_2101.jpg,82C-357.53
img_2102.jpg,82C-357.53
img_2103.jpg,82C-357.53
img_2104.jpg,82C-357.53
img_2105.jpg,82C-357.53
img_2106.jpg,82C-357.53
img_2107.jpg,82C-357.53
img_2108.jpg,82C-357.53
img_2109.jpg,82C-357.53
img_2110.jpg,70C-159.51
img_2111.jpg,82C-357.53
img_2112.jpg,82C-357.53
img_2113.jpg,82C-357.53
img_2114.jpg,82C-357.53
img_2115.jpg,82C-357.53
img_2116.jpg,82C-357.53
img_2117.jpg,82C-357.53
img_2118.jpg,82C-357.53
img_2119.jpg,82C-357.53
img_2120.jpg,63A-468.64
img_2121.jpg,82C-357.53
img_2122.jpg,70C-159.51
img_2123.jpg,82C-357.53
img_2124.jpg,82C-357.53
img_2125.jpg,82C-357.53
img_2126.jpg,82C-357.53
img_2127.jpg,82C-357.53
img_2128.jpg,82C-357.53
img_2129.jpg,82C-357.53
img_2130.jpg,82C-357.53
img_2131.jpg,82C-357.53
img_2132.jpg,82C-357.53
img_2133.jpg,70C-159.51
img_2134.jpg,82C-357.53
img_2135.jpg,82C-357.53
img_2136.jpg,82C-357.53
img_2137.jpg,82C-357.53
img_2138.jpg,82C-357.53
img_2139.jpg,82C-357.53
img_2140.jpg,82C-357.53
img_2141.jpg,82C-357.53
img_2142.jpg,82C-357.53
img_2143.jpg,82C-357.53
img_2144.jpg,70C-159.51
img_2145.jpg,82C-357.53
img_2146.jpg,82C-357.53
img_2147.jpg,82C-357.53
img_2148.jpg,82C-357.53
img_2149.jpg,82C-357.53
img_2150.jpg,82C-357.53
img_2151.jpg,82C-357.53
img_2152.jpg,82C-357.53
img_2153.jpg,82C-357.53
img_2154.jpg,82C-357.53
img_2155.jpg,70C-159.51
img_2156.jpg,82C-357.53
img_2157.jpg,82C-357.53
img_2158.jpg,82C-357.53
img_2159.jpg,82C-357.53
img_2160.jpg,82C-357.53
img_2161.jpg,82C-357.53
img_2162.jpg,82C-357.53
img_2163.jpg,82C-357.53
img_2164.jpg,82C-357.53
img_2165.jpg,82C-357.53
img_2166.jpg,70C-159.51
img_2167.jpg,82C-357.53
img_2168.jpg,82C-357.53
img_2169.jpg,82C-357.53
img_2170.jpg,82C-357.53
img_2171.jpg,82C-357.53
img_2172.jpg,82C-357.53
img_2173.jpg,82C-357.53
img_2174.jpg,82C-357.53
img_2175.jpg,82C-357.53
img_2176.jpg,82C-357.53
img_2177.jpg,70C-159.51
img_2178.jpg,82C-357.53
img_2179.jpg,82C-357.53
img_2180.jpg,82C-357.53
img_2181.jpg,82C-357.53
img_2182.jpg,82C-357.53
img_2183.jpg,82C-357.53
img_2184.jpg,82C-357.53
img_2185.jpg,82C-357.53
img_2186.jpg,82C-357.53
img_2187.jpg,82C-357.53
img_2188.jpg,70C-159.51
img_2189.jpg,82C-357.53
img_2190.jpg,82C-357.53
img_2191.jpg,82C-357.53
img_2192.jpg,82C-357.53
img_2193.jpg,82C-357.53
img_2194.jpg,82C-357.53
img_2195.jpg,70C-159.51
img_2196.jpg,62C-357.53
img_2197.jpg,62C-357.53
img_2198.jpg,62C-357.53
img_2199.jpg,62C-357.53
img_2200.jpg,62C-357.53
img_2201.jpg,62C-357.53
img_2202.jpg,62C-357.53
img_2203.jpg,62C-357.53
img_2204.jpg,62C-357.53
img_2205.jpg,70C-159.51
img_2206.jpg,62C-357.53
img_2207.jpg,62C-357.53
img_2208.jpg,62C-357.53
img_2209.jpg,62C-357.53
img_2210.jpg,62C-357.53
img_2211.jpg,62C-357.53
img_2212.jpg,62C-357.53
img_2213.jpg,62C-357.53
img_2214.jpg,62C-357.53
img_2215.jpg,62C-357.53
img_2216.jpg,70C-159.51
img_2217.jpg,62C-357.53
img_2218.jpg,62C-357.53
img_2219.jpg,62C-357.53
img_2220.jpg,62C-357.53
img_2221.jpg,62C-357.53
img_2222.jpg,62C-357.53
img_2223.jpg,62C-357.53
img_2224.jpg,62C-357.53
img_2225.jpg,62C-357.53
img_2226.jpg,63A-468.64
img_2227.jpg,62C-357.53
img_2228.jpg,62C-357.53
img_2229.jpg,62C-357.53
img_2230.jpg,62C-357.53
img_2231.jpg,62C-357.53
img_2232.jpg,62C-357.53
img_2233.jpg,62C-357.53
img_2234.jpg,62C-357.53
img_2235.jpg,62C-357.53
img_2236.jpg,62C-357.53
img_2237.jpg,62C-357.53
img_2238.jpg,62C-357.53
img_2239.jpg,70C-159.51
img_2240.jpg,62C-357.53
img_2241.jpg,62C-357.53
img_2242.jpg,62C-357.53
img_2243.jpg,62C-357.53
img_2244.jpg,62C-357.53
img_2245.jpg,62C-357.53
img_2246.jpg,62C-357.53
img_2247.jpg,62C-357.53
img_2248.jpg,62C-357.53
img_2249.jpg,62C-357.53
img_2250.jpg,70C-159.51
img_2251.jpg,62C-357.53
img_2252.jpg,62C-357.53
img_2253.jpg,62C-357.53
img_2254.jpg,62C-357.53
img_2255.jpg,62C-357.53
img_2256.jpg,62C-357.53
img_2257.jpg,62C-357.53
img_2258.jpg,62C-357.53
img_2259.jpg,62C-357.53
img_2260.jpg,62C-357.53
img_2261.jpg,70C-159.51
img_2262.jpg,62C-357.53
img_2263.jpg,62C-357.53
img_2264.jpg,62C-357.53
img_2265.jpg,62C-357.53
img_2266.jpg,62C-357.53
img_2267.jpg,62C-357.53
img_2268.jpg,62C-357.53
img_2269.jpg,62C-357.53
img_2270.jpg,62C-357.53
img_2271.jpg,62C-357.53
img_2272.jpg,70C-159.51
img_2273.jpg,62C-357.53
img_2274.jpg,62C-357.53
img_2275.jpg,62C-357.53
img_2276.jpg,62C-357.53
img_2277.jpg,62C-357.53
img_2278.jpg,62C-357.53
img_2279.jpg,62C-357.53
img_2280.jpg,62C-357.53
img_2281.jpg,62C-357.53
img_2282.jpg,62C-357.53
img_2283.jpg,70C-159.51
img_2284.jpg,62C-357.53
img_2285.jpg,62C-357.53
img_2286.jpg,62C-357.53
img_2287.jpg,62C-357.53
img_2288.jpg,62C-357.53
img_2289.jpg,62C-357.53
img_2290.jpg,62C-357.53
img_2291.jpg,62C-357.53
img_2292.jpg,62C-357.53
img_2293.jpg,62C-357.53
img_2294.jpg,70C-159.51
img_2295.jpg,62C-357.53
img_2296.jpg,62C-357.53
img_2297.jpg,62C-357.53
img_2298.jpg,62C-357.53
img_2299.jpg,62C-357.53
img_2300.jpg,62C-357.53
img_2301.jpg,62C-357.53
img_2302.jpg,62C-357.53
img_2303.jpg,62C-357.53
img_2304.jpg,62C-357.53
img_2305.jpg,70C-159.51
img_2306.jpg,62C-357.53
img_2307.jpg,62C-357.53
img_2308.jpg,62C-357.53
img_2309.jpg,62C-357.53
img_2310.jpg,62C-357.53
img_2311.jpg,62C-357.53
img_2312.jpg,62C-357.53
img_2313.jpg,62C-357.53
img_2314.jpg,62C-357.53
img_2315.jpg,62C-357.53
img_2316.jpg,70C-159.51
img_2317.jpg,62C-357.53
img_2318.jpg,62C-357.53
img_2319.jpg,62C-357.53
img_2320.jpg,62C-357.53
img_2321.jpg,62C-357.53
img_2322.jpg,62C-357.53
img_2323.jpg,62C-357.53
img_2324.jpg,62C-357.53
img_2325.jpg,62C-357.53
